{
  "ppo_classic": {
    "mean": 42.4,
    "std": 1.1251311034719473,
    "runs": [
      42.1,
      41.0,
      41.86,
      42.66,
      44.38
    ]
  },
  "ppo_note": {
    "mean": 155.336,
    "std": 85.58077485043003,
    "runs": [
      104.84,
      55.72,
      120.26,
      301.64,
      194.22
    ]
  },
  "ppo_note_blend": {
    "mean": 304.384,
    "std": 238.03394762932447,
    "runs": [
      496.2,
      14.22,
      500.0,
      11.5,
      500.0
    ]
  },
  "ppo_note_ow": {
    "mean": 168.076,
    "std": 53.44906869160584,
    "runs": [
      263.46,
      154.32,
      183.04,
      112.44,
      127.12
    ]
  },
  "reinforce_classic": {
    "mean": 40.736000000000004,
    "std": 1.966210568581097,
    "runs": [
      38.3,
      41.74,
      42.6,
      42.62,
      38.42
    ]
  },
  "reinforce_note": {
    "mean": 25.948,
    "std": 11.730054390325733,
    "runs": [
      38.3,
      9.32,
      26.0,
      39.24,
      16.88
    ]
  }
}