{
  "ppo_classic": {
    "mean": 42.912,
    "std": 0.9835934119340151,
    "runs": [
      44.08,
      43.0,
      43.66,
      41.24,
      42.58
    ]
  },
  "ppo_note": {
    "mean": 149.144,
    "std": 78.48219915369344,
    "runs": [
      102.72,
      50.1,
      119.64,
      273.06,
      200.2
    ]
  },
  "ppo_note_blend": {
    "mean": 303.728,
    "std": 237.4270544314611,
    "runs": [
      492.72,
      14.1,
      500.0,
      11.82,
      500.0
    ]
  },
  "ppo_note_ow": {
    "mean": 168.29199999999997,
    "std": 40.357525394900016,
    "runs": [
      220.64,
      156.28,
      210.7,
      122.6,
      131.24
    ]
  },
  "reinforce_classic": {
    "mean": 40.916000000000004,
    "std": 2.2463623928476006,
    "runs": [
      37.5,
      39.2,
      43.2,
      43.16,
      41.52
    ]
  },
  "reinforce_note": {
    "mean": 95.11200000000001,
    "std": 67.75921321857271,
    "runs": [
      227.98,
      41.22,
      62.98,
      60.1,
      83.28
    ]
  }
}