{
  "ppo_classic": {
    "mean": 0.401608163265306,
    "std": 0.21235353634093654,
    "runs": [
      0.49140408163265303,
      0.5124326530612244,
      0.6108163265306122,
      0.3933877551020408,
      0.0
    ]
  },
  "ppo_note": {
    "mean": 0.24401795918367347,
    "std": 0.1562555702665251,
    "runs": [
      0.17750204081632653,
      0.41309387755102045,
      0.0,
      0.41353469387755104,
      0.2159591836734694
    ]
  },
  "ppo_note_blend": {
    "mean": 0.45521306122448985,
    "std": 0.1671096833720836,
    "runs": [
      0.37419591836734695,
      0.5503755102040816,
      0.17698775510204082,
      0.5106693877551021,
      0.6638367346938776
    ]
  },
  "ppo_note_ow": {
    "mean": 0.47105142857142857,
    "std": 0.0663819786366259,
    "runs": [
      0.3722857142857143,
      0.5468489795918368,
      0.5115510204081634,
      0.5109632653061225,
      0.4136081632653061
    ]
  }
}