{
  "ppo_classic": {
    "mean": 0.3460195918367347,
    "std": 0.2470936550076163,
    "runs": [
      0.6292,
      0.6293469387755102,
      0.2161061224489796,
      0.2554448979591837,
      0.0
    ]
  },
  "ppo_note": {
    "mean": 0.368785306122449,
    "std": 0.21949157139824024,
    "runs": [
      0.569934693877551,
      0.4916244897959184,
      0.0,
      0.23573877551020408,
      0.5466285714285714
    ]
  },
  "ppo_note_blend": {
    "mean": 0.31490122448979585,
    "std": 0.18504679115866196,
    "runs": [
      0.3941224489795918,
      0.21632653061224488,
      0.49184489795918374,
      0.4722122448979592,
      0.0
    ]
  },
  "ppo_note_ow": {
    "mean": 0.2950628571428571,
    "std": 0.19540487070237206,
    "runs": [
      0.511404081632653,
      0.5124326530612245,
      0.0,
      0.2160326530612245,
      0.2354448979591837
    ]
  }
}