{
  "ppo_classic": {
    "mean": 24.89,
    "std": 15.47,
    "runs": [
      9.42,
      40.36
    ]
  },
  "ppo_note": {
    "mean": 24.409999999999997,
    "std": 14.889999999999999,
    "runs": [
      39.3,
      9.52
    ]
  },
  "ppo_note_blend": {
    "mean": 9.33,
    "std": 0.009999999999999787,
    "runs": [
      9.32,
      9.34
    ]
  },
  "ppo_note_ow": {
    "mean": 9.25,
    "std": 0.10999999999999943,
    "runs": [
      9.36,
      9.14
    ]
  },
  "reinforce_classic": {
    "mean": 31.29,
    "std": 8.63,
    "runs": [
      39.92,
      22.66
    ]
  },
  "reinforce_note": {
    "mean": 27.27,
    "std": 12.209999999999997,
    "runs": [
      39.48,
      15.06
    ]
  }
}