{
  "ppo_classic": {
    "mean": 0.0,
    "std": 0.0,
    "runs": [
      0.0,
      0.0
    ]
  },
  "ppo_note": {
    "mean": 0.49052244897959185,
    "std": 0.0403673469387755,
    "runs": [
      0.5308897959183674,
      0.4501551020408164
    ]
  },
  "ppo_note_blend": {
    "mean": 0.2362530612244898,
    "std": 0.2362530612244898,
    "runs": [
      0.0,
      0.4725061224489796
    ]
  },
  "ppo_note_ow": {
    "mean": 0.14636326530612245,
    "std": 0.14636326530612245,
    "runs": [
      0.0,
      0.2927265306122449
    ]
  }
}